ns3, theo
0.376062, 0.333
1.00238, 1
0.281244, 0.25
0.301218, 0.25
0.23228, 0.2
0.225777, 0.2
0.231321, 0.2
0.251399, 0.2
0.251321, 0.2
1.00083, 1
0.379093, 0.333
0.376813, 0.333
0.283705, 0.25
0.304404, 0.25
